作者,备注
原作者未知,
くすり屋,
おばにわん - OBANIWAN channel [touhou mmd],
TNT,
むぅさん63,
sa sa,
ヘルカルトン,作者的另外一个账号为Hellニュート，链接为https://random-2hu-stuff.randomneet.me/author/7
Hellニュート,作者的另外一个账号为ヘルカルトン，链接为https://random-2hu-stuff.randomneet.me/author/6
小岩井てんこ,
やもり,
ラプター,
MMDer赤トンボ,
doku,
たこLOVE,
resa str_,
えすべがす,
すてかせ,
がてん,
ぶるごーにゅ黒,
Curvemirrorman,
灰色JAF,
ODA兵士長,
l d,
Soraomoi,
3.3mm,
Hatatsuki秦月,
にぃ,
風月,
タミ,
ニクムニ,
赤えい凡悩寺,
ぷるぷるのMMDチャンネル,
guitarのイントネーション,
ズカキ,
わんぐすてん,
hmt,
ごった煮MMDチャンネル,
ほらいむ,
RYK,
多襄丸(Tajyo-maru),
長月チャカ,
モブ兎,
PYURE,
もなか庵,
蛇々丸,
スクル,
ゆぶめさき,
ヨミコナカ,
ルーネイト,
でるとつべろ,
on T,
りぼんづ,
かわやばぐ,
ウサホリ,
イッテツ,
あさとし,
ルーキーさん,
ゆずろーる,
マキーナ,
【もりのあるまち】森の民やむぅ,
いもゆう,
キューリ,
リープ,
Toukochun,
Lipschitz,
minusT,
雪羽明社(ゆきはね公式チャンネル),
雪雪崩　清隆,
ジョイフル,
うりっく,
ミスター先生,
blackice 3300,
くゐっく,
ねこタク,
アオサギ東方人形劇場,
クリアビッチ,
たかしま（タカシマ）,
SOFOS CINEMA DOGGIE,
TheZzz999999 偽ゴルゴ,
surume,
青いコメツキムシ,
tonbo Re:,
大空界斗,
まーき,
reddevils500a,
ゴキブリ3号,
あろえチャンネル,
よるり。,
ハレンティン,
ヤマトゥー,
植木屋けやきチャンネル,
瓶詰のため息sighingbottle49,
トルス,
hinosi,
ファントムあんのーん,
混沌の書（p.9）,
衛星エウロパ,
しゃめいまる,
主袋,
らいふ,
はるまお,
A7075,
DmitryCDPL,
たる,
Hoxton Texas,
マーベラス,
たい焼き主任,
かに193号,
Vocaloid 02,
ダブ,
ビーサン,
夢羅沙（むらさ）,
よnt,
fetusdream,
コゲ味,
湯けむり,
yashiro,
スイカバー,
origami,
スイスイ,
リトルマン,
ゆっくりアルルナ,
アルファ,
MMDerの想流Ch,
スピア.,
照り焼きマグネット,
はっちぼっち,
×90,
Deco,
鬼芽,
きよまろ,
八咫ガラス,
ミントさん,
てんすけ,
アサヒナ,
みっさん,
しき/Shiki96,
しゃもじ,
elly,
はちうえ,
とってぃ,
ふみふみ,
シャンハーイチャンネル,
KEISAN,
目指すは東方の果て,
xf108,
すずむし,
Twileaf,
ひまやー屋【暇つぶしの動画】,
レンゲ草,
Arni Village (アルニ村),
NSX-R,
SioMaru【しお丸】,
yoshinzo,
Shira Komeiji,
空風はるひのゲーム部屋,
888tyuta,
葉桜チャンネル,
LC昆布,
Makoto Kanzaki,
まさちち,
LaF.らふ,
モコキッカー,
Sazi,
柊の東方こちょこちょチャンネル,
Rook King,
Touhou Yukkuri Commentary　Akimiya,
Flape,
MTB,
バルブP,
さわや,
シロうさぎ博麗ふたり編集完了,
寿司勇者トロ,
洗濯船,
Yuru,
午後の緑茶,
久々,
Sour,
べいりーず,
ダク,
黄泉@よみ,
ちんぱん,
（株）机の中のコッペパン,
Alsie,
D-2,
hissno,
つぶあんの人,
ガタマラ,
シェフミクモグラゴン,
黒猫目薬,
ガッkoya（漫画連載中）,
アル,
サボ,
タイプスロー,
月下めると,
Reverie,
妖点チャンネル 【跡端亭咲花】,
刹那・Ｆ・不二雄（EW版）,
たけのこ,
しずむ浮き輪,
一本たたら,
キイロイヒト,
ピヨ吉,
しもむー,
☆ずっきーに☆,
あゆる,
せいろ丸,
ゴロゴロ,
レシドレミreside,
カンコロ,
ジコマン.ギルや,
クローバー,
赤崎真,
不義(ふぎ),
ながとも,
Mitsune Itenami,
きおう,
PhanthakanXD,
ゆのゆの,
塩チャンネル,
15・ 369,
ユーレカ,
DJパチュリー Ch,
Masa K.,
セレリア,
とぅーみや,
やいちのゆっくりクラブ,
りんまる,
ワッキュウ,
わらもり ふづか,
今田 夢,
dolls,
JIN妖チャンネル,
Lamy,
masaon Masao,
OKOME,
Signis,
snsk,
あまみん,
アルス,
いとこうさん,
きのこ派,
クッキング霊夢,
サコトシ,
ジジルgigile,
しらやま,
ゼクトテス バーチャルYoutuber,
ゆっくりトロピカル,
とらひこ,
ブルーギル,
ぽりねっと,
マツリ,
null,
ゆっくりラピch！,
ユメスケ,
壁耳まるふぉい,
黒金目鯛,
家々乃思念体,
夢幻,
瑞希のボイス研究所,
天地ハル,
愚華,
左城宮零,
夜桜チャンネル,
aqua-ykr,
dddd2,
necoi,
niko,
Renard,
shin2501,
えるでぃ,
こーちゃD,
てとが,
ぱいん,
ぽんす,
ユキ/黒古優希,
りていく,
seven,
フライカー【東方MMD】,
東方紙芝居物語,
Light umbrella,
90,
MapleChannel,
Noiree L,
suwako,
人形を操りたい程度の能力,
FPS Resound,
Mitelca,
sagishi大吉,
アスク,
モノクロ,
レミフラの遊び場@yuki,
白狼ナルの館!,
新世界とってぃ,
本みりん【東方MMD】【ゆっくり茶番劇】,
メケ,
あるふぁるふぁ。@ゆっくり茶番劇,
エレキワイズ,
カシロ。,
ツキミ草【ゆっくり】,
みとは ゆっくり製作所,
ゆっくりダイヤ,
ラカルとゆっくりB,
刹那 / Setsuna,
言之葉月 / ゆっくり茶番劇,
すわっこ,
眠兄零鬼-Reiki_Nemuani-,
ちゃんもり＠休止中,
MMaDness,
十六夜の弟子,
ピスタチオ,
（はんぺん）,
/SUBARU,
89.舞(MMD紙芝居、ゆっくり実況etc…),
Moriya Salesman,
w!w!c,
あいある,
アオゾラ AOZORA,
エルエール,
サネカズ,
たれこまるこ,
チルドch【Chillde】,
テンドアサヒ,
トアルミ缶,
ねずみん,
ハスターMMD,
冥,
びゃくいこうづけ,
Bin Channel - SKA’s Web,
モシャ,
ゆっくり瑞夢,
らぐなる,
潮田ゆうひ,
大女神女苑,
紅霧 宵闇,
可もなく不可もない人,
銑十郎,
新聞,
左上哀歌,
H2O(みず),
サバ缶,
冰蓮,
abs,
CASUI(セメント),
K16,
Kamison,
momo_toshima,
OMG.MMD,
silence0405サイレンス,
sintaro f,
あしたし,
かくかくしかじか,
クレセント,
ごましお,
ゴミバコ,
じくも＆おおいやくみ,
シベジット,
ジヰエル,
たかさん,
タツ,
てち,
テルヤマール特等,
とんてき,
ニッケル,
ハウザー,
みつば【mituba】,
みよしの,
もっそり,
ゆっくりSkyreo,
りおし,
レン,
赤橙セイ,
霊夢のたまごでお料理ちゃんねる,
紗生 紫亜（さしょう しあ）,
ミコト,
パンみみ,
牛ミンチ(ニコ動版),
オオアカシ,
ゴリけんちゃんねる,
なっとぅー。,
shi-take,
燃えるゴミ 〜Burning dust〜,
WaKyo 『わきょ〜』,
Pchan Qchan,
ばびょーん,
LF,
RC,
クズリ,
しろくろ,
パチェしば（カリスマ防衛P）,
Amiokaアミオカ,
K.,
スターサフラン,
すぎ,
つっちー,
ぎこ,
石犬,
玉那覇(たまなは）,
てんてん雅ちゃんねる♪,
昨日の会議,
KOTATU,
ラスク,
環状道路桜田通り線,
名前は未定,
りちゃ～る,
めっく,
hiroチャンネル/hiro channel,
きのこまじり,
ねんねまるゆっくり,
むらさき東方ch,
かつさんど,
紅茶,
ken,
sasa,
二律,
sei,
希ノ姫,
thplayer635,
ベホイミProject,
ラウルカ,
ルナルナ,
よーない,
あかまと,
うどん猫,
toriwakame,
LVがたりない,
はさみ,
